{
    "index": "index.ejs",
    "notfound": "404.ejs",
    "redirect": {
        "callback": "/dashboard",
        "logout": "/",
       	"createserver": "/dashboard",
        "deleteserver": "/dashboard",
        "updateservers": "/dashboard",
        "failedcreateserver": "/servers/new",
        "failedmodifyserver": "/servers/edit",
        "setplan": "/admin",
        "failedsetplan": "/admin",
        "createserverdisabled": "/servers/new?err=disabled",
        "modifyserverdisabled": "/servers/modify?err=disabled",
        "deleteserverdisabled": "/delete?err=disabled",
        "regenpassword": "/settings",
        "setresources": "/admin",
        "failedsetresources": "/admin",
        "giftresources": "/gift",
        "failedgiftresources": "/gift",
        "renewserver": "/dashboard",	
        "setcoins": "/admin",	
        "failedsetcoins": "/admin",	
        "purchaseram": "/store",	
        "failedpurchaseram": "/store",	
        "purchasedisk": "/store",	
        "failedpurchasedisk": "/store",	
        "purchasecpu": "/store",	
        "failedpurchasecpu": "/store",	
        "purchaseservers": "/store",	
        "failedpurchaseservers": "/store",
        "arcioerror": "/dashboard?err=arcio",
        "missingorinvalidcouponcode": "/redeem",
        "successfullyredeemedcoupon": "/redeem",
        "couponcreationfailed": "/admin",
        "couponcreationsuccess": "/admin",
        "couponrevokefailed": "/admin",
        "couponrevokesuccess": "/admin",
        "removeaccountfailed": "/admin",
        "removeaccountsuccess": "/admin"
    },
    "pages": {
        "dashboard": "dashboard.ejs",
        "servers/new": "create.ejs",
        "servers/edit": "edit.ejs",
        "admin": "admin.ejs",
        "redeem": "redeem.ejs",
        "settings": "settings.ejs",
        "gift": "gift.ejs",
        "j4r": "j4r.ejs",
        "coins": "coins.ejs",
        "store": "store.ejs",
        "privacy-policy": "privacy-policy.ejs",
        "terms-of-service": "terms-of-service.ejs",
        "lv": "lv.ejs"
    },
    "mustbeloggedin": [
        "/dashboard",
        "/servers/new",
        "/servers/edit",
        "/settings",
        "/j4r",
        "/gift",
        "/store",
        "/coins",
        "/lv"
    ],
    "mustbeadmin": [
        "/admin"
    ],
    "variables": {
        "footerad": true,
        "faviconlink": "Set a favicon here",
        "home": {
            "title": "Heliactyl",
            "name": "Heliactyl",
            "buttontext": {
                "loggedin": {
                    "text": "Back to Dashboard",
                    "link": "/dashboard"
                },
                "loggedout": {
                    "text": "Login using Discord",
                    "link": "/login"
                }
            }
        }
    }
}
